sub	session	condition	accuracy	RT
sub-5007	7	S_C	0.9166666666666667	1.2318901515151515
sub-5007	7	S_H	0.7083333333333334	1.3050833333333332
sub-5007	7	S_L	0.9166666666666666	1.159
sub-5007	7	S_U	0.6666666666666666	1.234625
sub-5007	9	S_C	0.875	2.094022727272727
sub-5007	9	S_H	0.9166666666666666	1.455
sub-5007	9	S_L	0.875	1.662
sub-5007	9	S_U	0.5833333333333333	1.5657
sub-5008	7	S_C	0.9583333333333333	1.9695227272727274
sub-5008	7	S_H	0.875	1.2515606060606062
sub-5008	7	S_L	0.8333333333333334	1.601007575757576
sub-5008	7	S_U	0.875	1.5101363636363636
sub-5008	9	S_C	1.0	1.5393750000000002
sub-5008	9	S_H	1.0	1.1439583333333334
sub-5008	9	S_L	0.9166666666666666	1.3569583333333335
sub-5008	9	S_U	0.8333333333333333	1.3293333333333333
sub-5009	7	S_C	0.9583333333333333	1.7246666666666668
sub-5009	7	S_H	0.875	1.5213166666666667
sub-5009	7	S_L	0.7916666666666667	1.640861111111111
sub-5009	7	S_U	0.75	1.6371565656565656
sub-5009	9	S_C	1.0	1.3189583333333332
sub-5009	9	S_H	1.0	1.0467083333333334
sub-5009	9	S_L	0.9583333333333333	1.1549166666666666
sub-5009	9	S_U	1.0	1.2412916666666667
sub-5010	7	S_C	0.9583333333333333	1.0875416666666666
sub-5010	7	S_H	0.8333333333333334	1.2397272727272728
sub-5010	7	S_L	0.7083333333333333	1.3273030303030304
sub-5010	7	S_U	0.625	1.2392992424242424
sub-5010	9	S_C	0.875	1.3297222222222222
sub-5010	9	S_H	0.625	1.3774166666666665
sub-5010	9	S_L	0.7083333333333334	1.4426625
sub-5010	9	S_U	0.625	1.5255208333333332
sub-5011	7	S_C	1.0	0.8083333333333333
sub-5011	7	S_H	1.0	1.051375
sub-5011	7	S_L	1.0	1.074125
sub-5011	7	S_U	0.7083333333333333	1.1694166666666668
sub-5011	9	S_C	1.0	1.630875
sub-5011	9	S_H	0.9166666666666667	0.9732348484848485
sub-5011	9	S_L	0.8333333333333333	1.0219166666666668
sub-5011	9	S_U	0.875	1.2665416666666667
sub-5015	7	S_C	0.9166666666666667	1.5026704545454546
sub-5015	7	S_H	0.9166666666666667	1.17775
sub-5015	7	S_L	0.8333333333333333	1.2835
sub-5015	7	S_U	0.7916666666666667	1.3736818181818182
sub-5015	9	S_C	1.0	1.1325833333333333
sub-5015	9	S_H	0.875	1.2429583333333334
sub-5015	9	S_L	0.9166666666666667	1.3412916666666668
sub-5015	9	S_U	0.9166666666666667	1.3945530303030302
sub-5018	7	S_C	1.0	1.6011250000000001
sub-5018	7	S_H	0.875	1.0133333333333334
sub-5018	7	S_L	0.875	1.2568333333333332
sub-5018	7	S_U	0.6666666666666667	1.258
sub-5018	9	S_C	1.0	1.9977083333333332
sub-5018	9	S_H	0.9166666666666667	0.9965
sub-5018	9	S_L	0.9166666666666667	0.9700833333333333
sub-5018	9	S_U	0.75	0.9822916666666666
sub-5022	7	S_C	0.9583333333333333	1.5664848484848486
sub-5022	7	S_H	0.875	1.3473636363636363
sub-5022	7	S_L	0.7083333333333334	1.6611893939393942
sub-5022	7	S_U	0.875	1.5811166666666665
sub-5022	9	S_C	0.9583333333333333	0.9948333333333332
sub-5022	9	S_H	1.0	1.1963333333333335
sub-5022	9	S_L	0.9583333333333333	1.2538749999999999
sub-5022	9	S_U	0.9583333333333333	1.476375
sub-5024	7	S_C	0.9583333333333333	1.295
sub-5024	7	S_H	0.9166666666666666	1.166969696969697
sub-5024	7	S_L	0.875	1.3690833333333332
sub-5024	7	S_U	0.8333333333333334	1.4359545454545455
sub-5024	9	S_C	0.9583333333333333	1.2271666666666667
sub-5024	9	S_H	0.9583333333333333	1.2690833333333333
sub-5024	9	S_L	0.75	1.4015416666666667
sub-5024	9	S_U	0.9166666666666666	1.3533636363636363
sub-5025	7	S_C	1.0	1.7764583333333335
sub-5025	7	S_H	0.9166666666666666	1.2527310606060607
sub-5025	7	S_L	0.9166666666666666	1.306
sub-5025	7	S_U	0.9583333333333333	1.3771666666666667
sub-5025	9	S_C	1.0	1.277375
sub-5025	9	S_H	1.0	0.9535416666666666
sub-5025	9	S_L	1.0	1.2480833333333332
sub-5025	9	S_U	0.875	1.1229166666666668
sub-5029	7	S_C	0.9166666666666667	0.8027916666666668
sub-5029	7	S_H	0.9583333333333333	1.0633598484848483
sub-5029	7	S_L	0.9583333333333333	1.280875
sub-5029	7	S_U	0.7916666666666667	1.4221666666666666
sub-5029	9	S_C	1.0	1.8087499999999999
sub-5029	9	S_H	0.9583333333333333	1.1812083333333332
sub-5029	9	S_L	0.9583333333333333	1.1885833333333333
sub-5029	9	S_U	1.0	1.369625
sub-5032	7	S_C	0.9166666666666667	0.6571666666666667
sub-5032	7	S_H	1.0	1.1775416666666665
sub-5032	7	S_L	0.8333333333333333	1.1617083333333333
sub-5032	7	S_U	0.8333333333333333	1.2268674242424242
sub-5032	9	S_C	1.0	0.8029166666666666
sub-5032	9	S_H	1.0	1.1535
sub-5032	9	S_L	1.0	1.281625
sub-5032	9	S_U	0.625	1.618375
sub-5034	7	S_C	1.0	0.8825833333333333
sub-5034	7	S_H	0.9166666666666667	1.1962083333333333
sub-5034	7	S_L	1.0	1.2165
sub-5034	7	S_U	0.9583333333333333	1.3940416666666666
sub-5034	9	S_C	1.0	0.6657083333333333
sub-5034	9	S_H	0.75	1.077125
sub-5034	9	S_L	0.5416666666666666	1.1234583333333332
sub-5034	9	S_U	1.0	1.1385
sub-5040	7	S_C	1.0	1.1337916666666668
sub-5040	7	S_H	0.9166666666666666	0.9945
sub-5040	7	S_L	0.7916666666666666	1.0427916666666666
sub-5040	7	S_U	0.5416666666666667	1.0889583333333333
sub-5040	9	S_C	0.9166666666666666	0.752375
sub-5040	9	S_H	0.875	1.2654166666666669
sub-5040	9	S_L	0.875	1.4695
sub-5040	9	S_U	0.6666666666666667	1.4590037878787878
sub-5042	7	S_C	1.0	0.9041250000000001
sub-5042	7	S_H	0.5	1.1818863636363637
sub-5042	7	S_L	0.41666666666666663	1.485440909090909
sub-5042	7	S_U	0.7083333333333333	1.4674999999999998
sub-5042	9	S_C	1.0	1.0215416666666666
sub-5042	9	S_H	0.9583333333333333	0.998344696969697
sub-5042	9	S_L	0.9166666666666666	1.3034583333333334
sub-5042	9	S_U	0.8333333333333333	1.2892916666666667
sub-5043	7	S_C	0.9583333333333333	1.1395416666666667
sub-5043	7	S_H	0.9583333333333333	1.3502954545454546
sub-5043	7	S_L	0.9583333333333333	1.3633939393939394
sub-5043	7	S_U	0.875	1.3560265151515152
sub-5043	9	S_C	1.0	0.8787083333333334
sub-5043	9	S_H	1.0	0.9385000000000001
sub-5043	9	S_L	1.0	0.8822083333333335
sub-5043	9	S_U	0.9583333333333333	1.0859583333333334
sub-5054	7	S_C	1.0	1.4535416666666667
sub-5054	7	S_H	0.8333333333333333	1.2807272727272727
sub-5054	7	S_L	0.9166666666666667	1.1832083333333334
sub-5054	7	S_U	0.8333333333333333	1.3026666666666666
sub-5054	9	S_C	1.0	0.90425
sub-5054	9	S_H	0.6666666666666667	1.2418030303030303
sub-5054	9	S_L	0.7916666666666666	1.325625
sub-5054	9	S_U	0.9583333333333333	1.2454583333333333
sub-5055	7	S_C	1.0	0.8257916666666667
sub-5055	7	S_H	1.0	1.1888333333333332
sub-5055	7	S_L	0.9583333333333333	1.331
sub-5055	7	S_U	1.0	1.260875
sub-5055	9	S_C	1.0	0.8026666666666666
sub-5055	9	S_H	0.9583333333333333	1.0520643939393939
sub-5055	9	S_L	1.0	1.1655
sub-5055	9	S_U	1.0	1.2563333333333335
sub-5058	7	S_C	1.0	0.8467083333333334
sub-5058	7	S_H	0.9166666666666666	1.180242424242424
sub-5058	7	S_L	0.875	1.2876818181818181
sub-5058	7	S_U	0.875	1.3389507575757578
sub-5058	9	S_C	1.0	0.93475
sub-5058	9	S_H	0.9583333333333333	0.9762916666666668
sub-5058	9	S_L	0.8333333333333333	1.1227083333333332
sub-5058	9	S_U	1.0	1.168
sub-5069	7	S_C	0.9166666666666667	2.1223333333333336
sub-5069	7	S_H	1.0	1.4770416666666666
sub-5069	7	S_L	0.9166666666666667	1.4370833333333333
sub-5069	7	S_U	0.9166666666666666	1.4610151515151517
sub-5069	9	S_C	1.0	2.237875
sub-5069	9	S_H	1.0	0.9995833333333333
sub-5069	9	S_L	1.0	1.086125
sub-5069	9	S_U	1.0	1.2349583333333334
sub-5070	7	S_C	1.0	2.0741666666666667
sub-5070	7	S_H	0.9166666666666667	1.0389166666666667
sub-5070	7	S_L	0.875	1.204125
sub-5070	7	S_U	0.8333333333333333	1.2462272727272727
sub-5070	9	S_C	1.0	2.1081250000000002
sub-5070	9	S_H	0.8333333333333334	1.1979166666666665
sub-5070	9	S_L	0.9166666666666666	1.2678333333333334
sub-5070	9	S_U	0.9583333333333333	1.3967121212121212
sub-5074	7	S_C	0.9583333333333333	1.282719696969697
sub-5074	7	S_H	0.875	1.3511954545454545
sub-5074	7	S_L	0.875	1.3649583333333335
sub-5074	7	S_U	1.0	1.2221250000000001
sub-5074	9	S_C	0.875	1.611025
sub-5074	9	S_H	0.9583333333333333	1.2851666666666668
sub-5074	9	S_L	0.9166666666666667	1.3202
sub-5074	9	S_U	0.625	1.3595454545454546
sub-5091	7	S_C	1.0	1.4593333333333334
sub-5091	7	S_H	1.0	1.405125
sub-5091	7	S_L	0.7916666666666666	1.4150416666666668
sub-5091	7	S_U	1.0	1.2640416666666667
sub-5091	9	S_C	1.0	1.0579583333333333
sub-5091	9	S_H	0.4583333333333333	1.2908750000000002
sub-5091	9	S_L	0.4583333333333333	1.4475378787878788
sub-5091	9	S_U	0.5833333333333334	1.545309090909091
sub-5103	7	S_C	0.9166666666666667	1.118310606060606
sub-5103	7	S_H	0.9583333333333333	1.6650833333333335
sub-5103	7	S_L	0.7916666666666667	1.6099
sub-5103	7	S_U	0.625	1.635388888888889
sub-5103	9	S_C	0.9583333333333333	1.052375
sub-5103	9	S_H	0.9583333333333333	1.389625
sub-5103	9	S_L	0.7916666666666666	1.4995
sub-5103	9	S_U	0.9583333333333333	1.395310606060606
sub-5109	7	S_C	1.0	2.077875
sub-5109	7	S_H	0.9583333333333333	1.2498901515151517
sub-5109	7	S_L	0.9166666666666666	1.4311249999999998
sub-5109	7	S_U	0.875	1.5894545454545455
sub-5109	9	S_C	1.0	1.8365833333333335
sub-5109	9	S_H	0.9583333333333333	1.2060833333333334
sub-5109	9	S_L	0.875	1.3103257575757574
sub-5109	9	S_U	0.9166666666666667	1.3396666666666666
sub-5120	7	S_C	0.75	1.219175
sub-5120	7	S_H	1.0	1.1425416666666668
sub-5120	7	S_L	0.875	1.1905075757575756
sub-5120	7	S_U	0.6666666666666666	1.2779090909090909
sub-5120	9	S_C	1.0	0.7823333333333333
sub-5120	9	S_H	0.8333333333333333	1.3407651515151515
sub-5120	9	S_L	0.6666666666666666	1.3303916666666669
sub-5120	9	S_U	0.875	1.42605
sub-5125	7	S_C	0.9583333333333333	0.7230833333333333
sub-5125	7	S_H	1.0	0.9490833333333333
sub-5125	7	S_L	0.9583333333333333	1.0769583333333332
sub-5125	7	S_U	0.9166666666666667	1.2035416666666667
sub-5125	9	S_C	0.9583333333333333	1.1953106060606062
sub-5125	9	S_H	1.0	1.0026666666666668
sub-5125	9	S_L	1.0	1.0496666666666665
sub-5125	9	S_U	0.9166666666666666	1.3528219696969699
sub-5136	7	S_C	0.8333333333333334	1.5594000000000001
sub-5136	7	S_H	0.9583333333333333	1.1560416666666669
sub-5136	7	S_L	0.875	1.197625
sub-5136	7	S_U	0.6666666666666666	1.2457916666666666
sub-5136	9	S_C	0.8333333333333334	1.6181363636363637
sub-5136	9	S_H	0.7916666666666667	1.0872916666666668
sub-5136	9	S_L	0.8333333333333334	1.1202916666666667
sub-5136	9	S_U	0.9166666666666667	1.1504166666666666
sub-5140	7	S_C	1.0	1.1690416666666668
sub-5140	7	S_H	0.9583333333333333	1.28925
sub-5140	7	S_L	0.9166666666666667	1.2273030303030303
sub-5140	7	S_U	0.6666666666666667	1.4200833333333334
sub-5140	9	S_C	1.0	1.1534583333333335
sub-5140	9	S_H	0.9166666666666666	1.0433750000000002
sub-5140	9	S_L	0.9583333333333333	1.0738750000000001
sub-5140	9	S_U	0.9583333333333333	1.3032499999999998
sub-5147	7	S_C	0.9583333333333333	1.1244280303030303
sub-5147	7	S_H	0.8333333333333334	1.2733787878787877
sub-5147	7	S_L	0.75	1.2996098484848484
sub-5147	7	S_U	0.8333333333333333	1.2598257575757577
sub-5147	9	S_C	0.9583333333333333	1.2743030303030305
sub-5147	9	S_H	1.0	1.2990416666666667
sub-5147	9	S_L	0.9166666666666666	1.4823749999999998
sub-5147	9	S_U	0.9583333333333333	1.4763219696969698
sub-5149	7	S_C	1.0	0.889875
sub-5149	7	S_H	0.9583333333333333	1.0043333333333333
sub-5149	7	S_L	0.875	1.2203749999999998
sub-5149	7	S_U	0.9583333333333333	1.3519166666666669
sub-5149	9	S_C	1.0	2.1205
sub-5149	9	S_H	0.875	0.9821666666666666
sub-5149	9	S_L	0.9583333333333333	1.1095833333333334
sub-5149	9	S_U	0.9583333333333333	1.1176666666666666
sub-5151	7	S_C	0.9583333333333333	0.8296250000000001
sub-5151	7	S_H	0.875	1.3305833333333335
sub-5151	7	S_L	0.8333333333333333	1.313787878787879
sub-5151	7	S_U	0.45833333333333337	1.4908000000000001
sub-5151	9	S_C	0.9583333333333333	1.1277083333333333
sub-5151	9	S_H	1.0	1.1302916666666667
sub-5151	9	S_L	0.875	1.2550416666666666
sub-5151	9	S_U	1.0	1.3232083333333333
sub-5153	7	S_C	0.9583333333333333	0.8628750000000001
sub-5153	7	S_H	0.9166666666666667	1.2619166666666668
sub-5153	7	S_L	0.875	1.22625
sub-5153	7	S_U	0.9166666666666666	1.3355075757575756
sub-5153	9	S_C	0.9583333333333333	2.008125
sub-5153	9	S_H	0.9583333333333333	1.2506249999999999
sub-5153	9	S_L	0.7916666666666667	1.2437083333333332
sub-5153	9	S_U	0.9583333333333333	1.2311666666666667
sub-5157	7	S_C	1.0	2.103125
sub-5157	7	S_H	0.9583333333333333	1.2384507575757575
sub-5157	7	S_L	0.75	1.6365363636363637
sub-5157	7	S_U	0.75	1.5844444444444443
sub-5157	9	S_C	1.0	2.4775
sub-5157	9	S_H	0.875	1.378469696969697
sub-5157	9	S_L	0.9166666666666666	1.4692348484848483
sub-5157	9	S_U	0.7916666666666667	1.575121212121212
sub-5158	7	S_C	0.9583333333333333	1.0465
sub-5158	7	S_H	0.875	1.2232954545454546
sub-5158	7	S_L	0.75	1.3010972222222223
sub-5158	7	S_U	0.7916666666666667	1.2009621212121213
sub-5158	9	S_C	0.9583333333333333	1.9464545454545457
sub-5158	9	S_H	0.5833333333333333	1.3646545454545456
sub-5158	9	S_L	0.625	1.4193787878787878
sub-5158	9	S_U	0.6666666666666666	1.4640416666666667
sub-5163	7	S_C	0.9166666666666666	1.4049166666666668
sub-5163	7	S_H	0.9166666666666666	1.2338333333333336
sub-5163	7	S_L	0.9166666666666666	1.2593333333333334
sub-5163	7	S_U	0.75	1.2116818181818183
sub-5163	9	S_C	1.0	1.1183333333333334
sub-5163	9	S_H	0.8333333333333333	0.9885833333333334
sub-5163	9	S_L	0.9583333333333333	1.1357083333333333
sub-5163	9	S_U	0.9583333333333333	1.1350416666666665
sub-5187	7	S_C	0.9166666666666666	1.0831666666666666
sub-5187	7	S_H	0.6666666666666667	1.4884204545454547
sub-5187	7	S_L	0.7083333333333333	1.482125
sub-5187	7	S_U	0.7083333333333333	1.5879500000000002
sub-5187	9	S_C	0.9583333333333333	0.9592083333333334
sub-5187	9	S_H	0.875	1.3425833333333332
sub-5187	9	S_L	0.5416666666666667	1.2557916666666666
sub-5187	9	S_U	0.6666666666666666	1.3176666666666668
sub-5211	7	S_C	0.9166666666666666	0.8134166666666667
sub-5211	7	S_H	0.9166666666666667	1.2499318181818182
sub-5211	7	S_L	0.875	1.2803636363636364
sub-5211	7	S_U	0.6666666666666666	1.5626250000000002
sub-5211	9	S_C	1.0	0.665125
sub-5211	9	S_H	0.9166666666666667	1.1518333333333333
sub-5211	9	S_L	0.875	1.3550113636363637
sub-5211	9	S_U	0.8333333333333333	1.3508181818181817
sub-5215	7	S_C	0.9583333333333333	0.9904166666666667
sub-5215	7	S_H	0.9583333333333333	1.2585416666666667
sub-5215	7	S_L	0.875	1.3949318181818182
sub-5215	7	S_U	0.9583333333333333	1.6484583333333334
sub-5215	9	S_C	0.9583333333333333	1.1189545454545455
sub-5215	9	S_H	1.0	1.39425
sub-5215	9	S_L	0.8333333333333333	1.3153901515151516
sub-5215	9	S_U	0.9583333333333333	1.5615
sub-5231	7	S_C	0.9583333333333333	1.3427499999999999
sub-5231	7	S_H	0.9166666666666667	1.1323333333333334
sub-5231	7	S_L	0.8333333333333333	1.3987083333333334
sub-5231	7	S_U	0.7083333333333333	1.2573484848484848
sub-5231	9	S_C	1.0	1.2652916666666667
sub-5231	9	S_H	0.875	1.2573181818181818
sub-5231	9	S_L	0.7083333333333333	1.2446666666666668
sub-5231	9	S_U	0.9583333333333333	1.3567916666666666
sub-5308	7	S_C	0.9583333333333333	1.2104166666666667
sub-5308	7	S_H	0.9166666666666666	1.246
sub-5308	7	S_L	0.9166666666666667	1.39435
sub-5308	7	S_U	0.4583333333333333	1.4715555555555557
sub-5308	9	S_C	1.0	1.33
sub-5308	9	S_H	0.9166666666666667	1.1592954545454548
sub-5308	9	S_L	0.9166666666666667	1.4720378787878787
sub-5308	9	S_U	0.9583333333333333	1.6897992424242423
sub-5312	7	S_C	1.0	1.4819999999999998
sub-5312	7	S_H	1.0	1.1536666666666666
sub-5312	7	S_L	0.8333333333333333	1.2717083333333332
sub-5312	7	S_U	0.6666666666666666	1.4295555555555555
sub-5312	9	S_C	1.0	0.7155833333333332
sub-5312	9	S_H	0.9583333333333333	1.15125
sub-5312	9	S_L	0.9166666666666666	1.1817083333333334
sub-5312	9	S_U	0.7083333333333334	1.2872045454545455
sub-5317	7	S_C	0.9583333333333333	0.535
sub-5317	7	S_H	0.9166666666666667	1.1779166666666665
sub-5317	7	S_L	0.8333333333333333	1.3377083333333333
sub-5317	7	S_U	0.6666666666666667	1.4605416666666666
sub-5317	9	S_C	1.0	0.6292083333333334
sub-5317	9	S_H	1.0	1.1946666666666668
sub-5317	9	S_L	0.8333333333333333	1.3531666666666666
sub-5317	9	S_U	1.0	1.4703750000000002
sub-5334	7	S_C	1.0	1.2623333333333333
sub-5334	7	S_H	0.9583333333333333	1.1650606060606061
sub-5334	7	S_L	0.8333333333333334	1.293409090909091
sub-5334	7	S_U	1.0	1.4982916666666668
sub-5334	9	S_C	1.0	0.9833333333333333
sub-5334	9	S_H	1.0	1.0245000000000002
sub-5334	9	S_L	1.0	1.0853333333333333
sub-5334	9	S_U	0.9166666666666666	1.255125
sub-5357	7	S_C	0.9166666666666666	0.9713333333333333
sub-5357	7	S_H	0.875	1.327003787878788
sub-5357	7	S_L	1.0	1.2939583333333333
sub-5357	7	S_U	0.7916666666666667	1.5019545454545455
sub-5357	9	S_C	1.0	0.7422083333333334
sub-5357	9	S_H	0.8333333333333333	1.213375
sub-5357	9	S_L	0.8333333333333334	1.3006250000000001
sub-5357	9	S_U	0.8333333333333333	1.2614166666666669
sub-5365	7	S_C	0.9583333333333333	1.5838333333333332
sub-5365	7	S_H	0.875	1.1460416666666666
sub-5365	7	S_L	0.875	1.0766666666666667
sub-5365	7	S_U	0.75	1.1065
sub-5365	9	S_C	1.0	2.053125
sub-5365	9	S_H	0.9583333333333333	1.1772916666666666
sub-5365	9	S_L	0.9583333333333333	1.2492083333333333
sub-5365	9	S_U	1.0	1.2967499999999998
sub-5367	7	S_C	0.9583333333333333	1.5965833333333332
sub-5367	7	S_H	0.9166666666666667	1.0724166666666666
sub-5367	7	S_L	0.9166666666666667	1.1862916666666667
sub-5367	7	S_U	0.75	1.2482727272727272
sub-5367	9	S_C	0.9583333333333333	1.0594166666666667
sub-5367	9	S_H	0.9166666666666666	0.9054848484848484
sub-5367	9	S_L	0.9166666666666667	1.0273333333333332
sub-5367	9	S_U	0.7916666666666667	1.1365416666666666
sub-5374	7	S_C	1.0	0.7521666666666668
sub-5374	7	S_H	0.9583333333333333	1.0532083333333333
sub-5374	7	S_L	0.9166666666666667	1.061125
sub-5374	7	S_U	0.7916666666666667	1.1887916666666667
sub-5374	9	S_C	1.0	1.199125
sub-5374	9	S_H	1.0	1.033625
sub-5374	9	S_L	0.9166666666666666	1.1236666666666666
sub-5374	9	S_U	0.7083333333333333	1.2718333333333334
sub-5379	7	S_C	1.0	0.744625
sub-5379	7	S_H	0.875	0.9985416666666667
sub-5379	7	S_L	0.7916666666666666	1.072625
sub-5379	7	S_U	0.75	1.1172333333333335
sub-5379	9	S_C	0.9583333333333333	1.4049507575757576
sub-5379	9	S_H	1.0	1.0540416666666665
sub-5379	9	S_L	0.9583333333333333	1.1300416666666666
sub-5379	9	S_U	0.875	1.1949545454545454
sub-5409	7	S_C	1.0	0.6632916666666666
sub-5409	7	S_H	0.9166666666666666	1.3184469696969698
sub-5409	7	S_L	1.0	1.1488749999999999
sub-5409	7	S_U	0.5	1.4205333333333332
sub-5409	9	S_C	1.0	0.7066250000000001
sub-5409	9	S_H	1.0	1.1132499999999999
sub-5409	9	S_L	1.0	1.189125
sub-5409	9	S_U	0.7916666666666667	1.434875
sub-5414	7	S_C	0.9583333333333333	0.6468333333333334
sub-5414	7	S_H	0.9166666666666666	1.1870833333333333
sub-5414	7	S_L	0.75	1.27375
sub-5414	7	S_U	0.5833333333333334	1.338469696969697
sub-5414	9	S_C	0.9583333333333333	1.0365833333333334
sub-5414	9	S_H	1.0	1.2107083333333333
sub-5414	9	S_L	0.9166666666666666	1.2875
sub-5414	9	S_U	0.8333333333333333	1.359162878787879
sub-5430	7	S_C	0.9583333333333333	0.9231666666666667
sub-5430	7	S_H	0.7083333333333333	1.4309053030303032
sub-5430	7	S_L	0.45833333333333337	1.6372272727272728
sub-5430	7	S_U	0.9583333333333333	1.6321590909090906
sub-5430	9	S_C	1.0	0.8543333333333334
sub-5430	9	S_H	0.8333333333333333	1.1987222222222222
sub-5430	9	S_L	0.8333333333333333	1.2995416666666668
sub-5430	9	S_U	0.7916666666666666	1.3521636363636365
sub-5435	7	S_C	0.9166666666666666	1.315465909090909
sub-5435	7	S_H	0.7083333333333333	1.505232323232323
sub-5435	7	S_L	0.6666666666666667	1.8154227272727272
sub-5435	7	S_U	0.5416666666666667	1.4547863636363636
sub-5435	9	S_C	0.8333333333333334	0.9197916666666668
sub-5435	9	S_H	0.7916666666666667	1.3917727272727272
sub-5435	9	S_L	0.6666666666666667	1.4396363636363638
sub-5435	9	S_U	0.45833333333333337	1.45125
sub-5447	7	S_C	1.0	1.0027916666666667
sub-5447	7	S_H	0.8333333333333334	1.36075
sub-5447	7	S_L	0.7916666666666667	1.5246742424242423
sub-5447	7	S_U	1.0	1.553125
sub-5447	9	S_C	0.9166666666666666	1.3777613636363637
sub-5447	9	S_H	0.75	1.5641863636363635
sub-5447	9	S_L	0.75	1.7309545454545454
sub-5447	9	S_U	0.7916666666666667	1.7221250000000001
sub-5460	7	S_C	1.0	1.18025
sub-5460	7	S_H	0.8333333333333333	1.4597727272727272
sub-5460	7	S_L	0.7916666666666666	1.5055
sub-5460	7	S_U	0.75	1.7149
sub-5460	9	S_C	1.0	1.123875
sub-5460	9	S_H	0.7916666666666667	1.1989583333333333
sub-5460	9	S_L	0.75	1.3588888888888888
sub-5460	9	S_U	0.625	1.5671464646464646
sub-5476	7	S_C	0.9166666666666666	2.21175
sub-5476	7	S_H	1.0	1.3509583333333335
sub-5476	7	S_L	0.7916666666666666	1.254590909090909
sub-5476	7	S_U	0.6666666666666667	1.700768181818182
sub-5476	9	S_C	1.0	2.1102499999999997
sub-5476	9	S_H	1.0	1.06125
sub-5476	9	S_L	0.9166666666666667	1.1444583333333334
sub-5476	9	S_U	0.7916666666666666	1.4655
